Roll,Name,Email,Unnamed: 3,Unique,Dept
1401MT35,Prathmesh,Prathmesh@mycollege.in,,,MT
1401MT36,Ritank,Ritank@mycollege.in,,,MT
1401MT37,Rishit,Rishit@mycollege.in,,,MT
1401MT38,Meenu,Meenu@mycollege.in,,,MT
1401MT39,Ranjan,Ranjan@mycollege.in,,,MT
1401MT40,Shukant,Shukant@mycollege.in,,,MT
1401MT41,Jashveer,Jashveer@mycollege.in,,,MT
1401MT42,Nargis,Nargis@mycollege.in,,,MT
1401MT43,Shreyans,Shreyans@mycollege.in,,,MT
1401MT44,Manaswini,Manaswini@mycollege.in,,,MT
1401MT45,Neelu,Neelu@mycollege.in,,,MT
1401MT46,Mukund,Mukund@mycollege.in,,,MT
1401MT47,Eshma,Eshma@mycollege.in,,,MT
1401MT48,Aruba,Aruba@mycollege.in,,,MT
1401MT49,Ehtisham,Ehtisham@mycollege.in,,,MT
1401MT50,Nitya,Nitya@mycollege.in,,,MT
1401MT51,Nishu,Nishu@mycollege.in,,,MT
1401MT52,Noorsaba,Noorsaba@mycollege.in,,,MT
1401MT53,Punya,Punya@mycollege.in,,,MT
1401MT54,Nihal,Nihal@mycollege.in,,,MT
1401MT55,Devyanti,Devyanti@mycollege.in,,,MT
1401MT56,Nishchay,Nishchay@mycollege.in,,,MT
1401MT57,Shagun,Shagun@mycollege.in,,,MT
1401MT58,Joy,Joy@mycollege.in,,,MT
1401MT59,Reshami,Reshami@mycollege.in,,,MT
1401MT60,Ronit,Ronit@mycollege.in,,,MT
1401MT61,Rishu,Rishu@mycollege.in,,,MT
1401MT62,Prasun,Prasun@mycollege.in,,,MT
1401MT63,Prakharendra,Prakharendra@mycollege.in,,,MT
1401MT64,Priyamvada,Priyamvada@mycollege.in,,,MT
1401MT65,Rajneesh,Rajneesh@mycollege.in,,,MT
1401MT66,Kausar,Kausar@mycollege.in,,,MT
1401MT67,Rouby,Rouby@mycollege.in,,,MT
1401MT68,Sanket,Sanket@mycollege.in,,,MT
1401MT69,Hari,Hari@mycollege.in,,,MT
1401MT70,Saumile,Saumile@mycollege.in,,,MT
1401MT71,Shagufta,Shagufta@mycollege.in,,,MT
1401MT72,Shaad,Shaad@mycollege.in,,,MT
1401MT73,Rupali,Rupali@mycollege.in,,,MT
1401MT74,Jenamani,Jenamani@mycollege.in,,,MT
1401MT75,Sadiya,Sadiya@mycollege.in,,,MT
1401MT76,Saksham,Saksham@mycollege.in,,,MT
1401MT77,Saharsh,Saharsh@mycollege.in,,,MT
1401MT78,Kushan,Kushan@mycollege.in,,,MT
1401MC01,Indra,Indra@mycollege.in,,,MC
1401MC02,Sasi,Sasi@mycollege.in,,,MC
1401MC03,Arvind,Arvind@mycollege.in,,,MC
1401MC04,Kartik,Kartik@mycollege.in,,,MC
1401MC05,Kartikeya,Kartikeya@mycollege.in,,,MC
1401MC06,Chaitanya,Chaitanya@mycollege.in,,,MC
1401MC07,Mani,Mani@mycollege.in,,,MC
1401MC08,Sukirti,Sukirti@mycollege.in,,,MC
1401MC09,Subodh,Subodh@mycollege.in,,,MC
1401MC10,Surendra,Surendra@mycollege.in,,,MC
1401MC11,Ashok,Ashok@mycollege.in,,,MC
1401MC12,Suresh,Suresh@mycollege.in,,,MC
1401MC13,Karthikeya,Karthikeya@mycollege.in,,,MC
1401MC14,Lalit,Lalit@mycollege.in,,,MC
1401MC15,Urmila,Urmila@mycollege.in,,,MC
1401MC16,Sudhakar,Sudhakar@mycollege.in,,,MC
1401MC17,Dhruva,Dhruva@mycollege.in,,,MC
1401MC18,Dhananjay,Dhananjay@mycollege.in,,,MC
1401MC19,Rama,Rama@mycollege.in,,,MC
1401MC20,Raj,Raj@mycollege.in,,,MC
1401MC21,Chinmay,Chinmay@mycollege.in,,,MC
1401MC22,Chahat,Chahat@mycollege.in,,,MC
1401MC23,Sourav,Sourav@mycollege.in,,,MC
1401MC24,Desh,Desh@mycollege.in,,,MC
1401MC25,Raashi,Raashi@mycollege.in,,,MC
1401MC26,Ram,Ram@mycollege.in,,,MC
1401MC27,Laxmi,Laxmi@mycollege.in,,,MC
1401MC28,Krishan,Krishan@mycollege.in,,,MC
1401MC29,Yatharth,Yatharth@mycollege.in,,,MC
1401MC30,Mridul,Mridul@mycollege.in,,,MC
1401MC31,Vinay,Vinay@mycollege.in,,,MC
1401MC32,Sreekanth,Sreekanth@mycollege.in,,,MC
1401MC33,Sweta,Sweta@mycollege.in,,,MC
1401MC34,Thaanya,Thaanya@mycollege.in,,,MC
1401MC35,Rakesh,Rakesh@mycollege.in,,,MC
1401MC36,Pinky,Pinky@mycollege.in,,,MC
1401MC37,Raju,Raju@mycollege.in,,,MC
1401MC38,Rajiv,Rajiv@mycollege.in,,,MC
1401MC39,Rajkumar,Rajkumar@mycollege.in,,,MC
1401MC40,Pushkar,Pushkar@mycollege.in,,,MC
1401MC41,Asutosh,Asutosh@mycollege.in,,,MC
1401MC42,Pradip,Pradip@mycollege.in,,,MC
1401MC43,Mrityunjay,Mrityunjay@mycollege.in,,,MC
1401MC44,Kavish,Kavish@mycollege.in,,,MC
1401MC45,Monica,Monica@mycollege.in,,,MC
1401MC46,Sabareesh,Sabareesh@mycollege.in,,,MC
1401MC47,Lakshmi,Lakshmi@mycollege.in,,,MC
1401MC48,Love,Love@mycollege.in,,,MC
1401MC49,Lekhraj,Lekhraj@mycollege.in,,,MC
1401MC50,Sahil,Sahil@mycollege.in,,,MC
1401MC51,Seshikanth,Seshikanth@mycollege.in,,,MC
1401MC52,Kalpana,Kalpana@mycollege.in,,,MC
1401MC53,Santosh,Santosh@mycollege.in,,,MC
1401MC54,Kapil,Kapil@mycollege.in,,,MC
